<?xml version="1.0" encoding="utf-8"?>
<extension type="module" version="3.0"  client="site" method="upgrade">
	<name>JS Jobs Login</name>
	<author>Joom Sky</author>
	<creationDate>January 23rd, 2025</creationDate>
	<copyright>(C) 2025. All rights reserved.</copyright>
	<license>GNU/GPL</license>
	<authorEmail>ahmad@joomsky.com</authorEmail>
	<authorUrl>www.joomsky.com</authorUrl>
	<version>1.0</version>
	<description>DESCLOGINFORM</description>
	<files>
		<filename module="mod_jsjobslogin">mod_jsjobslogin.php</filename>
		<filename module="mod_jsjobslogin">helper.php</filename>
		<folder module="mod_jsjobslogin">tmpl</folder>
	</files>
	<languages folder="language">
        <language tag="en-GB">en-GB.mod_jsjobslogin.ini</language>
    </languages>
	<params>
				<param name="cache" type="list" default="1" label="Caching" description="Select whether to cache the content of this module">
					<option value="0">Never</option>
				</param>
				<param name="@spacer" type="spacer" default="" label="" description="" />
				<param name="moduleclass_sfx" type="text" default="" label="Module Class Suffix" description="PARAMMODULECLASSSUFFIX" />
				<param name="pretext" type="textarea" cols="30" rows="5" default="" label="Pre-text" description="PARAMPRETEXT" />
				<param name="posttext" type="textarea" cols="30" rows="5" label="Post-text" description="PARAMPOSTTEXT" />
				<param name="login" type="list" default="jsjobs" size="35" disable="separator" label="Login Redirection Page" description="PARAMLOGINREDIRECTURL" state="1" >
					<option value="jsjobs">JS Jobs Control Panel</option>
					<option value="joomla">Joomla Home Page</option>
				</param>
				<param name="logout" type="menuitem" default="" disable="separator" label="Logout Redirection URL" description="PARAMLOGOUTREDIRECTURL" state="1" />
				<param name="greeting" type="radio" default="1" label="Greeting" description="Show/Hide the simple greeting text">
					<option value="0">No</option>
					<option value="1">Yes</option>
				</param>
				<param name="name" type="list" default="0" label="Name/Username">
					<option value="0">Username</option>
					<option value="1">Name</option>
				</param>
				<param name="usesecure" type="radio" default="0" label="Encrypt Login Form" description="Submit encrypted login data (requires SSL)">
					<option value="0">No</option>
					<option value="1">Yes</option>
				</param>
	</params>
	<config>
		<fields name="params">
			<fieldset name="basic">
				<field name="cache" type="list" default="1" label="Caching" description="Select whether to cache the content of this module">
					<option value="0">Never</option>
				</field>
				<field name="@spacer" type="spacer" default="" label="" description="" />
				<field name="moduleclass_sfx" type="text" default="" label="Module Class Suffix" description="COM_MODULES_FIELD_MODULECLASS_SFX_DESC" />
				<field name="pretext" type="textarea" cols="30" rows="5" default="" label="Pre-text" description="PARAMPRETEXT" />
				<field name="posttext" type="textarea" cols="30" rows="5" label="Post-text" description="PARAMPOSTTEXT" />
				<field name="login" type="list" default="jsjobs" size="35" disable="separator" label="Login Redirection Page" description="PARAMLOGINREDIRECTURL" state="1" >
					<option value="jsjobs">JS Jobs Control Panel</option>
					<option value="joomla">Joomla Home Page</option>
				</field>
				<field name="logout" type="menuitem" default="" disable="separator" label="Logout Redirection URL" description="PARAMLOGOUTREDIRECTURL" state="1" />
				<field name="greeting" type="radio" default="1" label="Greeting" description="Show/Hide the simple greeting text">
					<option value="0">No</option>
					<option value="1">Yes</option>
				</field>
				<field name="name" type="list" default="0" label="Name/Username">
					<option value="0">Username</option>
					<option value="1">Name</option>
				</field>
				<field name="usesecure" type="radio" default="0" label="Encrypt Login Form" description="Submit encrypted login data (requires SSL)">
					<option value="0">No</option>
					<option value="1">Yes</option>
				</field>
			</fieldset>
		</fields>
	</config>
</extension>

